,precision,recall,f1-score,support
0,0.8294573643410853,0.6445783132530121,0.7254237288135593,166.0
1,0.16901408450704225,0.35294117647058826,0.22857142857142856,34.0
accuracy,0.595,0.595,0.595,0.595
macro avg,0.4992357244240638,0.4987597448618002,0.47699757869249393,200.0
weighted avg,0.717182006769298,0.595,0.640958837772397,200.0
